-- MySQL dump 10.13  Distrib 8.0.17, for macos10.14 (x86_64)
--
-- Host: localhost    Database: weather
-- ------------------------------------------------------
-- Server version	8.0.17

/*!40101 SET @OLD_CHARACTER_SET_CLIENT=@@CHARACTER_SET_CLIENT */;
/*!40101 SET @OLD_CHARACTER_SET_RESULTS=@@CHARACTER_SET_RESULTS */;
/*!40101 SET @OLD_COLLATION_CONNECTION=@@COLLATION_CONNECTION */;
/*!50503 SET NAMES utf8 */;
/*!40103 SET @OLD_TIME_ZONE=@@TIME_ZONE */;
/*!40103 SET TIME_ZONE='+00:00' */;
/*!40014 SET @OLD_UNIQUE_CHECKS=@@UNIQUE_CHECKS, UNIQUE_CHECKS=0 */;
/*!40014 SET @OLD_FOREIGN_KEY_CHECKS=@@FOREIGN_KEY_CHECKS, FOREIGN_KEY_CHECKS=0 */;
/*!40101 SET @OLD_SQL_MODE=@@SQL_MODE, SQL_MODE='NO_AUTO_VALUE_ON_ZERO' */;
/*!40111 SET @OLD_SQL_NOTES=@@SQL_NOTES, SQL_NOTES=0 */;

--
-- Table structure for table `forecast`
--

DROP TABLE IF EXISTS `forecast`;
/*!40101 SET @saved_cs_client     = @@character_set_client */;
/*!50503 SET character_set_client = utf8mb4 */;
CREATE TABLE `forecast` (
  `seq` int(11) NOT NULL AUTO_INCREMENT,
  `city` varchar(45) DEFAULT NULL,
  `tmef` datetime DEFAULT NULL,
  `wf` varchar(45) DEFAULT NULL,
  `tmn` int(11) DEFAULT NULL,
  `tma` int(11) DEFAULT NULL,
  PRIMARY KEY (`seq`)
) ENGINE=InnoDB DEFAULT CHARSET=utf8;
/*!40101 SET character_set_client = @saved_cs_client */;

--
-- Dumping data for table `forecast`
--

LOCK TABLES `forecast` WRITE;
/*!40000 ALTER TABLE `forecast` DISABLE KEYS */;
/*!40000 ALTER TABLE `forecast` ENABLE KEYS */;
UNLOCK TABLES;

--
-- Table structure for table `new_table`
--

DROP TABLE IF EXISTS `new_table`;
/*!40101 SET @saved_cs_client     = @@character_set_client */;
/*!50503 SET character_set_client = utf8mb4 */;
CREATE TABLE `new_table` (
  `지역` text,
  `날짜` text,
  `날씨` text,
  `최저온도` bigint(20) DEFAULT NULL,
  `최고온도` bigint(20) DEFAULT NULL
) ENGINE=InnoDB DEFAULT CHARSET=utf8;
/*!40101 SET character_set_client = @saved_cs_client */;

--
-- Dumping data for table `new_table`
--

LOCK TABLES `new_table` WRITE;
/*!40000 ALTER TABLE `new_table` DISABLE KEYS */;
INSERT INTO `new_table` VALUES ('서울','2022-07-01 00:00','흐리고 비',23,28),('서울','2022-07-01 12:00','흐리고 비',23,28),('서울','2022-07-02 00:00','흐림',23,29),('서울','2022-07-02 12:00','구름많음',23,29),('서울','2022-07-03 00:00','구름많음',23,30),('서울','2022-07-03 12:00','구름많음',23,30),('서울','2022-07-04 00:00','흐림',23,29),('서울','2022-07-04 12:00','흐림',23,29),('서울','2022-07-05 00:00','흐림',23,28),('서울','2022-07-05 12:00','흐리고 비',23,28),('서울','2022-07-06 00:00','흐림',23,29),('서울','2022-07-07 00:00','흐림',23,28),('서울','2022-07-08 00:00','흐림',23,28),('인천','2022-07-01 00:00','흐리고 비',23,27),('인천','2022-07-01 12:00','흐리고 비',23,27),('인천','2022-07-02 00:00','흐림',23,28),('인천','2022-07-02 12:00','구름많음',23,28),('인천','2022-07-03 00:00','구름많음',22,27),('인천','2022-07-03 12:00','구름많음',22,27),('인천','2022-07-04 00:00','흐림',23,27),('인천','2022-07-04 12:00','흐림',23,27),('인천','2022-07-05 00:00','흐림',23,27),('인천','2022-07-05 12:00','흐리고 비',23,27),('인천','2022-07-06 00:00','흐림',23,27),('인천','2022-07-07 00:00','흐림',23,27),('인천','2022-07-08 00:00','흐림',22,28),('수원','2022-07-01 00:00','흐리고 비',23,30),('수원','2022-07-01 12:00','흐리고 비',23,30),('수원','2022-07-02 00:00','흐림',23,30),('수원','2022-07-02 12:00','구름많음',23,30),('수원','2022-07-03 00:00','구름많음',23,29),('수원','2022-07-03 12:00','구름많음',23,29),('수원','2022-07-04 00:00','흐림',23,29),('수원','2022-07-04 12:00','흐림',23,29),('수원','2022-07-05 00:00','흐림',23,29),('수원','2022-07-05 12:00','흐리고 비',23,29),('수원','2022-07-06 00:00','흐림',23,29),('수원','2022-07-07 00:00','흐림',24,29),('수원','2022-07-08 00:00','흐림',23,29),('파주','2022-07-01 00:00','흐리고 비',22,28),('파주','2022-07-01 12:00','흐리고 비',22,28),('파주','2022-07-02 00:00','흐림',22,28),('파주','2022-07-02 12:00','구름많음',22,28),('파주','2022-07-03 00:00','구름많음',21,29),('파주','2022-07-03 12:00','구름많음',21,29),('파주','2022-07-04 00:00','흐림',21,28),('파주','2022-07-04 12:00','흐림',21,28),('파주','2022-07-05 00:00','흐림',23,28),('파주','2022-07-05 12:00','흐리고 비',23,28),('파주','2022-07-06 00:00','흐림',23,28),('파주','2022-07-07 00:00','흐림',22,28),('파주','2022-07-08 00:00','흐림',23,28),('이천','2022-07-01 00:00','흐리고 비',22,30),('이천','2022-07-01 12:00','흐리고 비',22,30),('이천','2022-07-02 00:00','흐림',22,31),('이천','2022-07-02 12:00','구름많음',22,31),('이천','2022-07-03 00:00','구름많음',22,30),('이천','2022-07-03 12:00','구름많음',22,30),('이천','2022-07-04 00:00','흐림',22,29),('이천','2022-07-04 12:00','흐림',22,29),('이천','2022-07-05 00:00','흐림',22,29),('이천','2022-07-05 12:00','흐리고 비',22,29),('이천','2022-07-06 00:00','흐림',23,30),('이천','2022-07-07 00:00','흐림',23,30),('이천','2022-07-08 00:00','흐림',23,30),('평택','2022-07-01 00:00','흐리고 비',23,31),('평택','2022-07-01 12:00','흐리고 비',23,31),('평택','2022-07-02 00:00','흐림',23,32),('평택','2022-07-02 12:00','구름많음',23,32),('평택','2022-07-03 00:00','구름많음',23,30),('평택','2022-07-03 12:00','구름많음',23,30),('평택','2022-07-04 00:00','흐림',23,30),('평택','2022-07-04 12:00','흐림',23,30),('평택','2022-07-05 00:00','흐림',23,30),('평택','2022-07-05 12:00','흐리고 비',23,30),('평택','2022-07-06 00:00','흐림',23,30),('평택','2022-07-07 00:00','흐림',24,30),('평택','2022-07-08 00:00','흐림',23,32),('춘천','2022-07-01 00:00','흐리고 비',23,29),('춘천','2022-07-01 12:00','흐리고 비',23,29),('춘천','2022-07-02 00:00','흐림',23,30),('춘천','2022-07-02 12:00','흐림',23,30),('춘천','2022-07-03 00:00','구름많음',22,30),('춘천','2022-07-03 12:00','흐림',22,30),('춘천','2022-07-04 00:00','흐림',23,29),('춘천','2022-07-04 12:00','흐림',23,29),('춘천','2022-07-05 00:00','흐림',23,28),('춘천','2022-07-05 12:00','흐리고 비',23,28),('춘천','2022-07-06 00:00','흐림',23,29),('춘천','2022-07-07 00:00','흐림',23,29),('춘천','2022-07-08 00:00','흐림',23,29),('원주','2022-07-01 00:00','흐리고 비',23,30),('원주','2022-07-01 12:00','흐리고 비',23,30),('원주','2022-07-02 00:00','흐림',23,30),('원주','2022-07-02 12:00','흐림',23,30),('원주','2022-07-03 00:00','구름많음',22,30),('원주','2022-07-03 12:00','흐림',22,30),('원주','2022-07-04 00:00','흐림',23,29),('원주','2022-07-04 12:00','흐림',23,29),('원주','2022-07-05 00:00','흐림',23,30),('원주','2022-07-05 12:00','흐리고 비',23,30),('원주','2022-07-06 00:00','흐림',23,30),('원주','2022-07-07 00:00','흐림',23,30),('원주','2022-07-08 00:00','흐림',23,30),('강릉','2022-07-01 00:00','흐림',23,28),('강릉','2022-07-01 12:00','흐림',23,28),('강릉','2022-07-02 00:00','구름많음',24,29),('강릉','2022-07-02 12:00','구름많음',24,29),('강릉','2022-07-03 00:00','구름많음',24,30),('강릉','2022-07-03 12:00','구름많음',24,30),('강릉','2022-07-04 00:00','흐림',24,30),('강릉','2022-07-04 12:00','흐림',24,30),('강릉','2022-07-05 00:00','흐림',23,29),('강릉','2022-07-05 12:00','흐리고 비',23,29),('강릉','2022-07-06 00:00','흐림',24,31),('강릉','2022-07-07 00:00','흐림',24,30),('강릉','2022-07-08 00:00','흐림',23,29),('대전','2022-07-01 00:00','구름많음',24,31),('대전','2022-07-01 12:00','흐림',24,31),('대전','2022-07-02 00:00','구름많음',24,32),('대전','2022-07-02 12:00','구름많음',24,32),('대전','2022-07-03 00:00','구름많음',23,31),('대전','2022-07-03 12:00','흐림',23,31),('대전','2022-07-04 00:00','흐림',24,29),('대전','2022-07-04 12:00','흐림',24,29),('대전','2022-07-05 00:00','흐림',24,30),('대전','2022-07-05 12:00','흐리고 비',24,30),('대전','2022-07-06 00:00','흐림',24,31),('대전','2022-07-07 00:00','흐림',24,30),('대전','2022-07-08 00:00','흐림',24,31),('세종','2022-07-01 00:00','구름많음',23,30),('세종','2022-07-01 12:00','흐림',23,30),('세종','2022-07-02 00:00','구름많음',23,31),('세종','2022-07-02 12:00','구름많음',23,31),('세종','2022-07-03 00:00','구름많음',23,31),('세종','2022-07-03 12:00','흐림',23,31),('세종','2022-07-04 00:00','흐림',23,29),('세종','2022-07-04 12:00','흐림',23,29),('세종','2022-07-05 00:00','흐림',23,29),('세종','2022-07-05 12:00','흐리고 비',23,29),('세종','2022-07-06 00:00','흐림',24,30),('세종','2022-07-07 00:00','흐림',23,30),('세종','2022-07-08 00:00','흐림',23,31),('홍성','2022-07-01 00:00','구름많음',23,30),('홍성','2022-07-01 12:00','흐림',23,30),('홍성','2022-07-02 00:00','구름많음',23,32),('홍성','2022-07-02 12:00','구름많음',23,32),('홍성','2022-07-03 00:00','구름많음',22,30),('홍성','2022-07-03 12:00','흐림',22,30),('홍성','2022-07-04 00:00','흐림',23,28),('홍성','2022-07-04 12:00','흐림',23,28),('홍성','2022-07-05 00:00','흐림',23,27),('홍성','2022-07-05 12:00','흐리고 비',23,27),('홍성','2022-07-06 00:00','흐림',24,28),('홍성','2022-07-07 00:00','흐림',23,28),('홍성','2022-07-08 00:00','흐림',23,30),('청주','2022-07-01 00:00','흐림',24,31),('청주','2022-07-01 12:00','흐림',24,31),('청주','2022-07-02 00:00','구름많음',24,32),('청주','2022-07-02 12:00','구름많음',24,32),('청주','2022-07-03 00:00','구름많음',24,31),('청주','2022-07-03 12:00','흐림',24,31),('청주','2022-07-04 00:00','흐림',24,30),('청주','2022-07-04 12:00','흐림',24,30),('청주','2022-07-05 00:00','흐림',24,31),('청주','2022-07-05 12:00','흐리고 비',24,31),('청주','2022-07-06 00:00','흐림',24,31),('청주','2022-07-07 00:00','흐림',24,31),('청주','2022-07-08 00:00','흐림',24,31),('충주','2022-07-01 00:00','흐림',22,31),('충주','2022-07-01 12:00','흐림',22,31),('충주','2022-07-02 00:00','구름많음',23,32),('충주','2022-07-02 12:00','구름많음',23,32),('충주','2022-07-03 00:00','구름많음',22,30),('충주','2022-07-03 12:00','흐림',22,30),('충주','2022-07-04 00:00','흐림',22,30),('충주','2022-07-04 12:00','흐림',22,30),('충주','2022-07-05 00:00','흐림',23,30),('충주','2022-07-05 12:00','흐리고 비',23,30),('충주','2022-07-06 00:00','흐림',23,30),('충주','2022-07-07 00:00','흐림',23,30),('충주','2022-07-08 00:00','흐림',23,31),('영동','2022-07-01 00:00','흐림',21,32),('영동','2022-07-01 12:00','흐림',21,32),('영동','2022-07-02 00:00','구름많음',22,33),('영동','2022-07-02 12:00','구름많음',22,33),('영동','2022-07-03 00:00','구름많음',21,31),('영동','2022-07-03 12:00','흐림',21,31),('영동','2022-07-04 00:00','흐림',22,29),('영동','2022-07-04 12:00','흐림',22,29),('영동','2022-07-05 00:00','흐림',22,30),('영동','2022-07-05 12:00','흐리고 비',22,30),('영동','2022-07-06 00:00','흐림',22,31),('영동','2022-07-07 00:00','흐림',23,31),('영동','2022-07-08 00:00','흐림',22,32),('광주','2022-07-01 00:00','구름많음',24,32),('광주','2022-07-01 12:00','구름많음',24,32),('광주','2022-07-02 00:00','구름많음',24,32),('광주','2022-07-02 12:00','구름많음',24,32),('광주','2022-07-03 00:00','구름많음',23,31),('광주','2022-07-03 12:00','흐림',23,31),('광주','2022-07-04 00:00','흐림',24,30),('광주','2022-07-04 12:00','흐림',24,30),('광주','2022-07-05 00:00','흐리고 비',24,30),('광주','2022-07-05 12:00','흐림',24,30),('광주','2022-07-06 00:00','흐림',24,30),('광주','2022-07-07 00:00','흐림',24,31),('광주','2022-07-08 00:00','흐림',24,31),('목포','2022-07-01 00:00','구름많음',24,30),('목포','2022-07-01 12:00','구름많음',24,30),('목포','2022-07-02 00:00','구름많음',23,30),('목포','2022-07-02 12:00','구름많음',23,30),('목포','2022-07-03 00:00','구름많음',23,29),('목포','2022-07-03 12:00','흐림',23,29),('목포','2022-07-04 00:00','흐림',23,27),('목포','2022-07-04 12:00','흐림',23,27),('목포','2022-07-05 00:00','흐리고 비',23,28),('목포','2022-07-05 12:00','흐림',23,28),('목포','2022-07-06 00:00','흐림',24,28),('목포','2022-07-07 00:00','흐림',24,29),('목포','2022-07-08 00:00','흐림',23,29),('여수','2022-07-01 00:00','구름많음',23,27),('여수','2022-07-01 12:00','구름많음',23,27),('여수','2022-07-02 00:00','구름많음',23,28),('여수','2022-07-02 12:00','구름많음',23,28),('여수','2022-07-03 00:00','구름많음',23,27),('여수','2022-07-03 12:00','흐림',23,27),('여수','2022-07-04 00:00','흐림',23,26),('여수','2022-07-04 12:00','흐림',23,26),('여수','2022-07-05 00:00','흐리고 비',23,26),('여수','2022-07-05 12:00','흐림',23,26),('여수','2022-07-06 00:00','흐림',23,27),('여수','2022-07-07 00:00','흐림',23,28),('여수','2022-07-08 00:00','흐림',23,28),('순천','2022-07-01 00:00','구름많음',24,30),('순천','2022-07-01 12:00','구름많음',24,30),('순천','2022-07-02 00:00','구름많음',24,31),('순천','2022-07-02 12:00','구름많음',24,31),('순천','2022-07-03 00:00','구름많음',23,30),('순천','2022-07-03 12:00','흐림',23,30),('순천','2022-07-04 00:00','흐림',24,27),('순천','2022-07-04 12:00','흐림',24,27),('순천','2022-07-05 00:00','흐리고 비',24,29),('순천','2022-07-05 12:00','흐림',24,29),('순천','2022-07-06 00:00','흐림',24,30),('순천','2022-07-07 00:00','흐림',24,30),('순천','2022-07-08 00:00','흐림',24,30),('광양','2022-07-01 00:00','구름많음',23,31),('광양','2022-07-01 12:00','구름많음',23,31),('광양','2022-07-02 00:00','구름많음',23,31),('광양','2022-07-02 12:00','구름많음',23,31),('광양','2022-07-03 00:00','구름많음',23,30),('광양','2022-07-03 12:00','흐림',23,30),('광양','2022-07-04 00:00','흐림',23,28),('광양','2022-07-04 12:00','흐림',23,28),('광양','2022-07-05 00:00','흐리고 비',24,29),('광양','2022-07-05 12:00','흐림',24,29),('광양','2022-07-06 00:00','흐림',24,30),('광양','2022-07-07 00:00','흐림',24,30),('광양','2022-07-08 00:00','흐림',25,30),('나주','2022-07-01 00:00','구름많음',23,31),('나주','2022-07-01 12:00','구름많음',23,31),('나주','2022-07-02 00:00','구름많음',23,32),('나주','2022-07-02 12:00','구름많음',23,32),('나주','2022-07-03 00:00','구름많음',22,31),('나주','2022-07-03 12:00','흐림',22,31),('나주','2022-07-04 00:00','흐림',23,28),('나주','2022-07-04 12:00','흐림',23,28),('나주','2022-07-05 00:00','흐리고 비',24,30),('나주','2022-07-05 12:00','흐림',24,30),('나주','2022-07-06 00:00','흐림',24,30),('나주','2022-07-07 00:00','흐림',23,31),('나주','2022-07-08 00:00','흐림',24,31),('전주','2022-07-01 00:00','구름많음',24,32),('전주','2022-07-01 12:00','흐림',24,32),('전주','2022-07-02 00:00','구름많음',23,32),('전주','2022-07-02 12:00','구름많음',23,32),('전주','2022-07-03 00:00','구름많음',23,31),('전주','2022-07-03 12:00','흐림',23,31),('전주','2022-07-04 00:00','흐림',24,30),('전주','2022-07-04 12:00','흐림',24,30),('전주','2022-07-05 00:00','흐리고 비',24,31),('전주','2022-07-05 12:00','흐림',24,31),('전주','2022-07-06 00:00','흐림',24,31),('전주','2022-07-07 00:00','흐림',24,31),('전주','2022-07-08 00:00','흐림',24,32),('군산','2022-07-01 00:00','구름많음',23,30),('군산','2022-07-01 12:00','흐림',23,30),('군산','2022-07-02 00:00','구름많음',23,31),('군산','2022-07-02 12:00','구름많음',23,31),('군산','2022-07-03 00:00','구름많음',22,29),('군산','2022-07-03 12:00','흐림',22,29),('군산','2022-07-04 00:00','흐림',23,29),('군산','2022-07-04 12:00','흐림',23,29),('군산','2022-07-05 00:00','흐리고 비',23,29),('군산','2022-07-05 12:00','흐림',23,29),('군산','2022-07-06 00:00','흐림',24,29),('군산','2022-07-07 00:00','흐림',24,30),('군산','2022-07-08 00:00','흐림',23,30),('정읍','2022-07-01 00:00','구름많음',24,31),('정읍','2022-07-01 12:00','흐림',24,31),('정읍','2022-07-02 00:00','구름많음',23,32),('정읍','2022-07-02 12:00','구름많음',23,32),('정읍','2022-07-03 00:00','구름많음',22,31),('정읍','2022-07-03 12:00','흐림',22,31),('정읍','2022-07-04 00:00','흐림',23,30),('정읍','2022-07-04 12:00','흐림',23,30),('정읍','2022-07-05 00:00','흐리고 비',24,30),('정읍','2022-07-05 12:00','흐림',24,30),('정읍','2022-07-06 00:00','흐림',24,31),('정읍','2022-07-07 00:00','흐림',24,31),('정읍','2022-07-08 00:00','흐림',24,31),('남원','2022-07-01 00:00','구름많음',22,32),('남원','2022-07-01 12:00','흐림',22,32),('남원','2022-07-02 00:00','구름많음',22,32),('남원','2022-07-02 12:00','구름많음',22,32),('남원','2022-07-03 00:00','구름많음',22,31),('남원','2022-07-03 12:00','흐림',22,31),('남원','2022-07-04 00:00','흐림',23,29),('남원','2022-07-04 12:00','흐림',23,29),('남원','2022-07-05 00:00','흐리고 비',23,30),('남원','2022-07-05 12:00','흐림',23,30),('남원','2022-07-06 00:00','흐림',23,31),('남원','2022-07-07 00:00','흐림',23,31),('남원','2022-07-08 00:00','흐림',23,32),('고창','2022-07-01 00:00','구름많음',23,31),('고창','2022-07-01 12:00','흐림',23,31),('고창','2022-07-02 00:00','구름많음',23,31),('고창','2022-07-02 12:00','구름많음',23,31),('고창','2022-07-03 00:00','구름많음',22,30),('고창','2022-07-03 12:00','흐림',22,30),('고창','2022-07-04 00:00','흐림',23,29),('고창','2022-07-04 12:00','흐림',23,29),('고창','2022-07-05 00:00','흐리고 비',24,30),('고창','2022-07-05 12:00','흐림',24,30),('고창','2022-07-06 00:00','흐림',24,30),('고창','2022-07-07 00:00','흐림',24,30),('고창','2022-07-08 00:00','흐림',24,30),('무주','2022-07-01 00:00','구름많음',21,31),('무주','2022-07-01 12:00','흐림',21,31),('무주','2022-07-02 00:00','구름많음',21,32),('무주','2022-07-02 12:00','구름많음',21,32),('무주','2022-07-03 00:00','구름많음',21,31),('무주','2022-07-03 12:00','흐림',21,31),('무주','2022-07-04 00:00','흐림',22,28),('무주','2022-07-04 12:00','흐림',22,28),('무주','2022-07-05 00:00','흐리고 비',22,29),('무주','2022-07-05 12:00','흐림',22,29),('무주','2022-07-06 00:00','흐림',23,30),('무주','2022-07-07 00:00','흐림',23,30),('무주','2022-07-08 00:00','흐림',22,31),('부산','2022-07-01 00:00','구름많음',23,28),('부산','2022-07-01 12:00','구름많음',23,28),('부산','2022-07-02 00:00','구름많음',23,29),('부산','2022-07-02 12:00','구름많음',23,29),('부산','2022-07-03 00:00','구름많음',23,28),('부산','2022-07-03 12:00','구름많음',23,28),('부산','2022-07-04 00:00','흐림',23,27),('부산','2022-07-04 12:00','흐림',23,27),('부산','2022-07-05 00:00','흐리고 비',23,27),('부산','2022-07-05 12:00','흐림',23,27),('부산','2022-07-06 00:00','흐림',23,28),('부산','2022-07-07 00:00','흐림',23,28),('부산','2022-07-08 00:00','흐림',23,27),('울산','2022-07-01 00:00','구름많음',23,32),('울산','2022-07-01 12:00','구름많음',23,32),('울산','2022-07-02 00:00','구름많음',23,32),('울산','2022-07-02 12:00','구름많음',23,32),('울산','2022-07-03 00:00','구름많음',23,31),('울산','2022-07-03 12:00','구름많음',23,31),('울산','2022-07-04 00:00','흐림',23,29),('울산','2022-07-04 12:00','흐림',23,29),('울산','2022-07-05 00:00','흐리고 비',23,30),('울산','2022-07-05 12:00','흐림',23,30),('울산','2022-07-06 00:00','흐림',23,30),('울산','2022-07-07 00:00','흐림',24,31),('울산','2022-07-08 00:00','흐림',23,31),('창원','2022-07-01 00:00','구름많음',23,30),('창원','2022-07-01 12:00','구름많음',23,30),('창원','2022-07-02 00:00','구름많음',22,30),('창원','2022-07-02 12:00','구름많음',22,30),('창원','2022-07-03 00:00','구름많음',22,30),('창원','2022-07-03 12:00','구름많음',22,30),('창원','2022-07-04 00:00','흐림',23,28),('창원','2022-07-04 12:00','흐림',23,28),('창원','2022-07-05 00:00','흐리고 비',23,29),('창원','2022-07-05 12:00','흐림',23,29),('창원','2022-07-06 00:00','흐림',23,29),('창원','2022-07-07 00:00','흐림',23,30),('창원','2022-07-08 00:00','흐림',23,30),('진주','2022-07-01 00:00','구름많음',23,30),('진주','2022-07-01 12:00','구름많음',23,30),('진주','2022-07-02 00:00','구름많음',22,31),('진주','2022-07-02 12:00','구름많음',22,31),('진주','2022-07-03 00:00','구름많음',22,30),('진주','2022-07-03 12:00','구름많음',22,30),('진주','2022-07-04 00:00','흐림',23,28),('진주','2022-07-04 12:00','흐림',23,28),('진주','2022-07-05 00:00','흐리고 비',23,29),('진주','2022-07-05 12:00','흐림',23,29),('진주','2022-07-06 00:00','흐림',23,30),('진주','2022-07-07 00:00','흐림',23,30),('진주','2022-07-08 00:00','흐림',23,30),('거창','2022-07-01 00:00','구름많음',21,32),('거창','2022-07-01 12:00','구름많음',21,32),('거창','2022-07-02 00:00','구름많음',21,32),('거창','2022-07-02 12:00','구름많음',21,32),('거창','2022-07-03 00:00','구름많음',21,30),('거창','2022-07-03 12:00','구름많음',21,30),('거창','2022-07-04 00:00','흐림',22,28),('거창','2022-07-04 12:00','흐림',22,28),('거창','2022-07-05 00:00','흐리고 비',22,30),('거창','2022-07-05 12:00','흐림',22,30),('거창','2022-07-06 00:00','흐림',22,30),('거창','2022-07-07 00:00','흐림',22,31),('거창','2022-07-08 00:00','흐림',22,31),('통영','2022-07-01 00:00','구름많음',23,28),('통영','2022-07-01 12:00','구름많음',23,28),('통영','2022-07-02 00:00','구름많음',22,28),('통영','2022-07-02 12:00','구름많음',22,28),('통영','2022-07-03 00:00','구름많음',22,28),('통영','2022-07-03 12:00','구름많음',22,28),('통영','2022-07-04 00:00','흐림',23,27),('통영','2022-07-04 12:00','흐림',23,27),('통영','2022-07-05 00:00','흐리고 비',23,27),('통영','2022-07-05 12:00','흐림',23,27),('통영','2022-07-06 00:00','흐림',23,27),('통영','2022-07-07 00:00','흐림',23,27),('통영','2022-07-08 00:00','흐림',23,26),('대구','2022-07-01 00:00','구름많음',24,33),('대구','2022-07-01 12:00','맑음',24,33),('대구','2022-07-02 00:00','구름많음',24,34),('대구','2022-07-02 12:00','구름많음',24,34),('대구','2022-07-03 00:00','구름많음',24,33),('대구','2022-07-03 12:00','흐림',24,33),('대구','2022-07-04 00:00','흐림',24,30),('대구','2022-07-04 12:00','흐림',24,30),('대구','2022-07-05 00:00','흐리고 비',23,31),('대구','2022-07-05 12:00','흐림',23,31),('대구','2022-07-06 00:00','흐림',24,32),('대구','2022-07-07 00:00','흐림',24,32),('대구','2022-07-08 00:00','흐림',24,32),('안동','2022-07-01 00:00','구름많음',22,32),('안동','2022-07-01 12:00','맑음',22,32),('안동','2022-07-02 00:00','구름많음',23,33),('안동','2022-07-02 12:00','구름많음',23,33),('안동','2022-07-03 00:00','구름많음',23,31),('안동','2022-07-03 12:00','흐림',23,31),('안동','2022-07-04 00:00','흐림',23,30),('안동','2022-07-04 12:00','흐림',23,30),('안동','2022-07-05 00:00','흐리고 비',22,30),('안동','2022-07-05 12:00','흐림',22,30),('안동','2022-07-06 00:00','흐림',23,31),('안동','2022-07-07 00:00','흐림',23,31),('안동','2022-07-08 00:00','흐림',23,31),('포항','2022-07-01 00:00','구름많음',25,33),('포항','2022-07-01 12:00','맑음',25,33),('포항','2022-07-02 00:00','구름많음',25,32),('포항','2022-07-02 12:00','구름많음',25,32),('포항','2022-07-03 00:00','구름많음',25,32),('포항','2022-07-03 12:00','흐림',25,32),('포항','2022-07-04 00:00','흐림',24,30),('포항','2022-07-04 12:00','흐림',24,30),('포항','2022-07-05 00:00','흐리고 비',24,30),('포항','2022-07-05 12:00','흐림',24,30),('포항','2022-07-06 00:00','흐림',25,31),('포항','2022-07-07 00:00','흐림',25,31),('포항','2022-07-08 00:00','흐림',24,30),('경주','2022-07-01 00:00','구름많음',22,34),('경주','2022-07-01 12:00','맑음',22,34),('경주','2022-07-02 00:00','구름많음',22,33),('경주','2022-07-02 12:00','구름많음',22,33),('경주','2022-07-03 00:00','구름많음',22,33),('경주','2022-07-03 12:00','흐림',22,33),('경주','2022-07-04 00:00','흐림',23,30),('경주','2022-07-04 12:00','흐림',23,30),('경주','2022-07-05 00:00','흐리고 비',23,31),('경주','2022-07-05 12:00','흐림',23,31),('경주','2022-07-06 00:00','흐림',23,32),('경주','2022-07-07 00:00','흐림',23,32),('경주','2022-07-08 00:00','흐림',24,32),('울진','2022-07-01 00:00','구름많음',22,28),('울진','2022-07-01 12:00','맑음',22,28),('울진','2022-07-02 00:00','구름많음',22,27),('울진','2022-07-02 12:00','구름많음',22,27),('울진','2022-07-03 00:00','구름많음',22,28),('울진','2022-07-03 12:00','흐림',22,28),('울진','2022-07-04 00:00','흐림',22,27),('울진','2022-07-04 12:00','흐림',22,27),('울진','2022-07-05 00:00','흐리고 비',21,27),('울진','2022-07-05 12:00','흐림',21,27),('울진','2022-07-06 00:00','흐림',22,28),('울진','2022-07-07 00:00','흐림',22,28),('울진','2022-07-08 00:00','흐림',22,27),('울릉도','2022-07-01 00:00','구름많음',23,29),('울릉도','2022-07-01 12:00','맑음',23,29),('울릉도','2022-07-02 00:00','구름많음',23,29),('울릉도','2022-07-02 12:00','구름많음',23,29),('울릉도','2022-07-03 00:00','구름많음',23,28),('울릉도','2022-07-03 12:00','흐림',23,28),('울릉도','2022-07-04 00:00','흐림',23,27),('울릉도','2022-07-04 12:00','흐림',23,27),('울릉도','2022-07-05 00:00','흐리고 비',22,27),('울릉도','2022-07-05 12:00','흐림',22,27),('울릉도','2022-07-06 00:00','흐림',22,27),('울릉도','2022-07-07 00:00','흐림',22,26),('울릉도','2022-07-08 00:00','흐림',22,26),('제주','2022-07-01 00:00','구름많음',24,31),('제주','2022-07-01 12:00','구름많음',24,31),('제주','2022-07-02 00:00','구름많음',23,30),('제주','2022-07-02 12:00','구름많음',23,30),('제주','2022-07-03 00:00','흐림',24,30),('제주','2022-07-03 12:00','흐림',24,30),('제주','2022-07-04 00:00','흐림',24,29),('제주','2022-07-04 12:00','흐리고 비',24,29),('제주','2022-07-05 00:00','흐리고 비',24,29),('제주','2022-07-05 12:00','흐림',24,29),('제주','2022-07-06 00:00','흐림',24,30),('제주','2022-07-07 00:00','흐림',24,30),('제주','2022-07-08 00:00','흐림',24,30),('서귀포','2022-07-01 00:00','구름많음',24,28),('서귀포','2022-07-01 12:00','구름많음',24,28),('서귀포','2022-07-02 00:00','구름많음',23,28),('서귀포','2022-07-02 12:00','구름많음',23,28),('서귀포','2022-07-03 00:00','흐림',23,27),('서귀포','2022-07-03 12:00','흐림',23,27),('서귀포','2022-07-04 00:00','흐림',24,27),('서귀포','2022-07-04 12:00','흐리고 비',24,27),('서귀포','2022-07-05 00:00','흐리고 비',24,27),('서귀포','2022-07-05 12:00','흐림',24,27),('서귀포','2022-07-06 00:00','흐림',24,28),('서귀포','2022-07-07 00:00','흐림',24,28),('서귀포','2022-07-08 00:00','흐림',24,28);
/*!40000 ALTER TABLE `new_table` ENABLE KEYS */;
UNLOCK TABLES;
/*!40103 SET TIME_ZONE=@OLD_TIME_ZONE */;

/*!40101 SET SQL_MODE=@OLD_SQL_MODE */;
/*!40014 SET FOREIGN_KEY_CHECKS=@OLD_FOREIGN_KEY_CHECKS */;
/*!40014 SET UNIQUE_CHECKS=@OLD_UNIQUE_CHECKS */;
/*!40101 SET CHARACTER_SET_CLIENT=@OLD_CHARACTER_SET_CLIENT */;
/*!40101 SET CHARACTER_SET_RESULTS=@OLD_CHARACTER_SET_RESULTS */;
/*!40101 SET COLLATION_CONNECTION=@OLD_COLLATION_CONNECTION */;
/*!40111 SET SQL_NOTES=@OLD_SQL_NOTES */;

-- Dump completed on 2022-06-28 18:34:35
-- MySQL dump 10.13  Distrib 8.0.17, for macos10.14 (x86_64)
--
-- Host: localhost    Database: education
-- ------------------------------------------------------
-- Server version	8.0.17

/*!40101 SET @OLD_CHARACTER_SET_CLIENT=@@CHARACTER_SET_CLIENT */;
/*!40101 SET @OLD_CHARACTER_SET_RESULTS=@@CHARACTER_SET_RESULTS */;
/*!40101 SET @OLD_COLLATION_CONNECTION=@@COLLATION_CONNECTION */;
/*!50503 SET NAMES utf8 */;
/*!40103 SET @OLD_TIME_ZONE=@@TIME_ZONE */;
/*!40103 SET TIME_ZONE='+00:00' */;
/*!40014 SET @OLD_UNIQUE_CHECKS=@@UNIQUE_CHECKS, UNIQUE_CHECKS=0 */;
/*!40014 SET @OLD_FOREIGN_KEY_CHECKS=@@FOREIGN_KEY_CHECKS, FOREIGN_KEY_CHECKS=0 */;
/*!40101 SET @OLD_SQL_MODE=@@SQL_MODE, SQL_MODE='NO_AUTO_VALUE_ON_ZERO' */;
/*!40111 SET @OLD_SQL_NOTES=@@SQL_NOTES, SQL_NOTES=0 */;

--
-- Table structure for table `advise`
--

DROP TABLE IF EXISTS `advise`;
/*!40101 SET @saved_cs_client     = @@character_set_client */;
/*!50503 SET character_set_client = utf8mb4 */;
CREATE TABLE `advise` (
  `apcode` char(4) NOT NULL,
  `ascode` char(4) NOT NULL,
  PRIMARY KEY (`apcode`,`ascode`)
) ENGINE=InnoDB DEFAULT CHARSET=utf8;
/*!40101 SET character_set_client = @saved_cs_client */;

--
-- Dumping data for table `advise`
--

LOCK TABLES `advise` WRITE;
/*!40000 ALTER TABLE `advise` DISABLE KEYS */;
INSERT INTO `advise` VALUES ('P001','S001'),('P001','S002'),('P003','S003'),('P003','S004'),('P007','S005'),('P007','S006');
/*!40000 ALTER TABLE `advise` ENABLE KEYS */;
UNLOCK TABLES;

--
-- Table structure for table `course`
--

DROP TABLE IF EXISTS `course`;
/*!40101 SET @saved_cs_client     = @@character_set_client */;
/*!50503 SET character_set_client = utf8mb4 */;
CREATE TABLE `course` (
  `ccode` char(4) NOT NULL,
  `cname` char(10) DEFAULT NULL,
  `ctime` int(11) DEFAULT NULL,
  `croom` char(8) DEFAULT NULL,
  PRIMARY KEY (`ccode`)
) ENGINE=InnoDB DEFAULT CHARSET=utf8;
/*!40101 SET character_set_client = @saved_cs_client */;

--
-- Dumping data for table `course`
--

LOCK TABLES `course` WRITE;
/*!40000 ALTER TABLE `course` DISABLE KEYS */;
INSERT INTO `course` VALUES ('C001','TCP/IP',3,'R001'),('C002','HTML',3,'R002'),('C003','PHP',3,'R003'),('C004','LINUX',3,'Lab1'),('C005','MYSQL',3,'Lab1'),('C006','JAVA',3,'Lab1');
/*!40000 ALTER TABLE `course` ENABLE KEYS */;
UNLOCK TABLES;

--
-- Table structure for table `lecture`
--

DROP TABLE IF EXISTS `lecture`;
/*!40101 SET @saved_cs_client     = @@character_set_client */;
/*!50503 SET character_set_client = utf8mb4 */;
CREATE TABLE `lecture` (
  `lpcode` char(4) NOT NULL,
  `lccode` char(4) NOT NULL,
  `opendate` date DEFAULT NULL,
  `closedate` date DEFAULT NULL,
  PRIMARY KEY (`lpcode`,`lccode`)
) ENGINE=InnoDB DEFAULT CHARSET=utf8;
/*!40101 SET character_set_client = @saved_cs_client */;

--
-- Dumping data for table `lecture`
--

LOCK TABLES `lecture` WRITE;
/*!40000 ALTER TABLE `lecture` DISABLE KEYS */;
INSERT INTO `lecture` VALUES ('P001','C001','2017-03-02','2017-08-02'),('P001','C002','2017-03-02','2017-08-02'),('P001','C003','2017-09-02','2017-12-02'),('P002','C004','2017-03-02','2017-08-02'),('P002','C005','2017-03-02','2017-08-02'),('P002','C006','2017-09-02','2017-12-02');
/*!40000 ALTER TABLE `lecture` ENABLE KEYS */;
UNLOCK TABLES;

--
-- Table structure for table `new_table`
--

DROP TABLE IF EXISTS `new_table`;
/*!40101 SET @saved_cs_client     = @@character_set_client */;
/*!50503 SET character_set_client = utf8mb4 */;
CREATE TABLE `new_table` (
  `rank` bigint(20) DEFAULT NULL,
  `title` text
) ENGINE=InnoDB DEFAULT CHARSET=utf8;
/*!40101 SET character_set_client = @saved_cs_client */;

--
-- Dumping data for table `new_table`
--

LOCK TABLES `new_table` WRITE;
/*!40000 ALTER TABLE `new_table` DISABLE KEYS */;
INSERT INTO `new_table` VALUES (1,'역행자'),(2,'작별인사'),(3,'인플레이션에서 살아남기'),(4,'변화하는 세계 질서'),(5,'피스타운'),(6,'악마의 계약서는 만기 되지 않는다'),(7,'불편한 편의점'),(8,'내가 틀릴 수도 있습니다'),(9,'최재천의 공부'),(10,'개정판 | 하얀 늑대들'),(11,'잠시 동안 빛은 이곳에'),(12,'심해어'),(13,'사이후이, 싸이파이'),(14,'친밀한 이방인'),(15,'도파민네이션'),(16,'구글 엔지니어는 이렇게 일한다'),(17,'멘탈을 바꿔야 인생이 바뀐다'),(18,'플라스틱 세대'),(19,'덫'),(20,'나의 투자는 새벽 4시에 시작된다'),(21,'레스토랑 안의 낯선 자들'),(22,'물고기는 존재하지 않는다'),(23,'원씽'),(24,'버드나무'),(25,'브라질에 비가 내리면 스타벅스 주식을 사라'),(26,'모든 것은 기본에서 시작한다'),(27,'밝은 밤'),(28,'부자 아빠 가난한 아빠 20주년 특별 기념판'),(29,'나를 단단하게 만드는 심리학'),(30,'프로젝트 헤일메리');
/*!40000 ALTER TABLE `new_table` ENABLE KEYS */;
UNLOCK TABLES;

--
-- Table structure for table `professor`
--

DROP TABLE IF EXISTS `professor`;
/*!40101 SET @saved_cs_client     = @@character_set_client */;
/*!50503 SET character_set_client = utf8mb4 */;
CREATE TABLE `professor` (
  `pcode` char(4) NOT NULL,
  `pname` char(10) DEFAULT NULL,
  `pdept` char(12) DEFAULT NULL,
  `pphone` char(12) DEFAULT NULL,
  `paddress` char(50) DEFAULT NULL,
  PRIMARY KEY (`pcode`)
) ENGINE=InnoDB DEFAULT CHARSET=utf8;
/*!40101 SET character_set_client = @saved_cs_client */;

--
-- Dumping data for table `professor`
--

LOCK TABLES `professor` WRITE;
/*!40000 ALTER TABLE `professor` DISABLE KEYS */;
INSERT INTO `professor` VALUES ('P001','하은용','컴퓨터공학과','0001','서울'),('P002','안창호','컴퓨터공학과','0002','서울'),('P003','이육사','국문학과','0003','강원도'),('P004','박종화','국문학과','0004','경상북도'),('P005','심훈','사학과','0005','전라남도'),('P006','한용운','사학과','0006','충청남도');
/*!40000 ALTER TABLE `professor` ENABLE KEYS */;
UNLOCK TABLES;

--
-- Table structure for table `register`
--

DROP TABLE IF EXISTS `register`;
/*!40101 SET @saved_cs_client     = @@character_set_client */;
/*!50503 SET character_set_client = utf8mb4 */;
CREATE TABLE `register` (
  `rscode` char(4) NOT NULL,
  `rccode` char(4) NOT NULL,
  `score` int(3) DEFAULT NULL,
  PRIMARY KEY (`rscode`,`rccode`)
) ENGINE=InnoDB DEFAULT CHARSET=utf8;
/*!40101 SET character_set_client = @saved_cs_client */;

--
-- Dumping data for table `register`
--

LOCK TABLES `register` WRITE;
/*!40000 ALTER TABLE `register` DISABLE KEYS */;
INSERT INTO `register` VALUES ('S001','C001',90),('S001','C002',85),('S001','C003',80),('S002','C001',76),('S002','C002',88),('S002','C003',78);
/*!40000 ALTER TABLE `register` ENABLE KEYS */;
UNLOCK TABLES;

--
-- Table structure for table `student`
--

DROP TABLE IF EXISTS `student`;
/*!40101 SET @saved_cs_client     = @@character_set_client */;
/*!50503 SET character_set_client = utf8mb4 */;
CREATE TABLE `student` (
  `scode` char(4) NOT NULL,
  `sname` char(10) DEFAULT NULL,
  `sdept` char(12) DEFAULT NULL,
  `sphone` char(12) DEFAULT NULL,
  `saddress` varchar(45) DEFAULT NULL,
  PRIMARY KEY (`scode`)
) ENGINE=InnoDB DEFAULT CHARSET=utf8;
/*!40101 SET character_set_client = @saved_cs_client */;

--
-- Dumping data for table `student`
--

LOCK TABLES `student` WRITE;
/*!40000 ALTER TABLE `student` DISABLE KEYS */;
INSERT INTO `student` VALUES ('b002','관우','심리학과','010-222','서울'),('b003','장비','경제학과','010-333','서울'),('c002','여포','심리학과','016-222','경기'),('c003','손견','경제학과','016-333','경기'),('d001','홍길동','수학과','017-001','광주'),('q001','유비','국문학과','010-1111','서울'),('S001','박소명','컴퓨터공학과','123-4567',NULL),('S002','최민국','컴퓨터공학과','234-5678',NULL),('S005','김상진','사학과','567-8901',NULL),('S006','황정숙','사학과','678-9012',NULL),('S010','James','Computer','1234',NULL),('S777','Cathy','Math','12345',NULL),('S888','James','math','1234',NULL),('S999','홍길동','컴공','123',NULL),('w001','조조','국문학과','016-111','경기'),('w002','여포','심리학과','016-222','경기'),('w003','장비','경제학과','016-333','경기'),('y001','누구게?','국문학과','010-1111','서울'),('y002','맞춰봐','국문학과','010-2222','서울'),('y003','메렁','국문학과','010-3333','서울'),('z001','유비','국문학과','010-1111','서울'),('z002','관우','심리학과','010-2222','서울'),('z003','장비','경제학과','010-3333','서울');
/*!40000 ALTER TABLE `student` ENABLE KEYS */;
UNLOCK TABLES;
/*!40103 SET TIME_ZONE=@OLD_TIME_ZONE */;

/*!40101 SET SQL_MODE=@OLD_SQL_MODE */;
/*!40014 SET FOREIGN_KEY_CHECKS=@OLD_FOREIGN_KEY_CHECKS */;
/*!40014 SET UNIQUE_CHECKS=@OLD_UNIQUE_CHECKS */;
/*!40101 SET CHARACTER_SET_CLIENT=@OLD_CHARACTER_SET_CLIENT */;
/*!40101 SET CHARACTER_SET_RESULTS=@OLD_CHARACTER_SET_RESULTS */;
/*!40101 SET COLLATION_CONNECTION=@OLD_COLLATION_CONNECTION */;
/*!40111 SET SQL_NOTES=@OLD_SQL_NOTES */;

-- Dump completed on 2022-06-28 18:34:35
-- MySQL dump 10.13  Distrib 8.0.17, for macos10.14 (x86_64)
--
-- Host: localhost    Database: Books
-- ------------------------------------------------------
-- Server version	8.0.17

/*!40101 SET @OLD_CHARACTER_SET_CLIENT=@@CHARACTER_SET_CLIENT */;
/*!40101 SET @OLD_CHARACTER_SET_RESULTS=@@CHARACTER_SET_RESULTS */;
/*!40101 SET @OLD_COLLATION_CONNECTION=@@COLLATION_CONNECTION */;
/*!50503 SET NAMES utf8 */;
/*!40103 SET @OLD_TIME_ZONE=@@TIME_ZONE */;
/*!40103 SET TIME_ZONE='+00:00' */;
/*!40014 SET @OLD_UNIQUE_CHECKS=@@UNIQUE_CHECKS, UNIQUE_CHECKS=0 */;
/*!40014 SET @OLD_FOREIGN_KEY_CHECKS=@@FOREIGN_KEY_CHECKS, FOREIGN_KEY_CHECKS=0 */;
/*!40101 SET @OLD_SQL_MODE=@@SQL_MODE, SQL_MODE='NO_AUTO_VALUE_ON_ZERO' */;
/*!40111 SET @OLD_SQL_NOTES=@@SQL_NOTES, SQL_NOTES=0 */;

--
-- Table structure for table `new_table`
--

DROP TABLE IF EXISTS `new_table`;
/*!40101 SET @saved_cs_client     = @@character_set_client */;
/*!50503 SET character_set_client = utf8mb4 */;
CREATE TABLE `new_table` (
  `rank` int(11) NOT NULL,
  `title` varchar(45) DEFAULT NULL,
  PRIMARY KEY (`rank`)
) ENGINE=InnoDB DEFAULT CHARSET=utf8;
/*!40101 SET character_set_client = @saved_cs_client */;

--
-- Dumping data for table `new_table`
--

LOCK TABLES `new_table` WRITE;
/*!40000 ALTER TABLE `new_table` DISABLE KEYS */;
INSERT INTO `new_table` VALUES (1,'역행자'),(2,'작별인사'),(3,'인플레이션에서 살아남기'),(4,'변화하는 세계 질서'),(5,'피스타운'),(6,'악마의 계약서는 만기 되지 않는다'),(7,'불편한 편의점'),(8,'내가 틀릴 수도 있습니다'),(9,'최재천의 공부'),(10,'개정판 | 하얀 늑대들'),(11,'잠시 동안 빛은 이곳에'),(12,'심해어'),(13,'사이후이, 싸이파이'),(14,'친밀한 이방인'),(15,'도파민네이션'),(16,'구글 엔지니어는 이렇게 일한다'),(17,'멘탈을 바꿔야 인생이 바뀐다'),(18,'플라스틱 세대'),(19,'덫'),(20,'나의 투자는 새벽 4시에 시작된다'),(21,'레스토랑 안의 낯선 자들'),(22,'물고기는 존재하지 않는다'),(23,'원씽'),(24,'버드나무'),(25,'브라질에 비가 내리면 스타벅스 주식을 사라'),(26,'모든 것은 기본에서 시작한다'),(27,'밝은 밤'),(28,'부자 아빠 가난한 아빠 20주년 특별 기념판'),(29,'나를 단단하게 만드는 심리학'),(30,'프로젝트 헤일메리');
/*!40000 ALTER TABLE `new_table` ENABLE KEYS */;
UNLOCK TABLES;
/*!40103 SET TIME_ZONE=@OLD_TIME_ZONE */;

/*!40101 SET SQL_MODE=@OLD_SQL_MODE */;
/*!40014 SET FOREIGN_KEY_CHECKS=@OLD_FOREIGN_KEY_CHECKS */;
/*!40014 SET UNIQUE_CHECKS=@OLD_UNIQUE_CHECKS */;
/*!40101 SET CHARACTER_SET_CLIENT=@OLD_CHARACTER_SET_CLIENT */;
/*!40101 SET CHARACTER_SET_RESULTS=@OLD_CHARACTER_SET_RESULTS */;
/*!40101 SET COLLATION_CONNECTION=@OLD_COLLATION_CONNECTION */;
/*!40111 SET SQL_NOTES=@OLD_SQL_NOTES */;

-- Dump completed on 2022-06-28 18:34:36
-- MySQL dump 10.13  Distrib 8.0.17, for macos10.14 (x86_64)
--
-- Host: localhost    Database: daum
-- ------------------------------------------------------
-- Server version	8.0.17

/*!40101 SET @OLD_CHARACTER_SET_CLIENT=@@CHARACTER_SET_CLIENT */;
/*!40101 SET @OLD_CHARACTER_SET_RESULTS=@@CHARACTER_SET_RESULTS */;
/*!40101 SET @OLD_COLLATION_CONNECTION=@@COLLATION_CONNECTION */;
/*!50503 SET NAMES utf8 */;
/*!40103 SET @OLD_TIME_ZONE=@@TIME_ZONE */;
/*!40103 SET TIME_ZONE='+00:00' */;
/*!40014 SET @OLD_UNIQUE_CHECKS=@@UNIQUE_CHECKS, UNIQUE_CHECKS=0 */;
/*!40014 SET @OLD_FOREIGN_KEY_CHECKS=@@FOREIGN_KEY_CHECKS, FOREIGN_KEY_CHECKS=0 */;
/*!40101 SET @OLD_SQL_MODE=@@SQL_MODE, SQL_MODE='NO_AUTO_VALUE_ON_ZERO' */;
/*!40111 SET @OLD_SQL_NOTES=@@SQL_NOTES, SQL_NOTES=0 */;

--
-- Table structure for table `movie`
--

DROP TABLE IF EXISTS `movie`;
/*!40101 SET @saved_cs_client     = @@character_set_client */;
/*!50503 SET character_set_client = utf8mb4 */;
CREATE TABLE `movie` (
  `rank` int(11) NOT NULL,
  `title` varchar(100) DEFAULT NULL,
  PRIMARY KEY (`rank`)
) ENGINE=InnoDB DEFAULT CHARSET=utf8;
/*!40101 SET character_set_client = @saved_cs_client */;

--
-- Dumping data for table `movie`
--

LOCK TABLES `movie` WRITE;
/*!40000 ALTER TABLE `movie` DISABLE KEYS */;
INSERT INTO `movie` VALUES (1,'탑건: 매버릭'),(2,'마녀(魔女) Part2. The Other One'),(3,'범죄도시 2'),(4,'브로커'),(5,'버즈 라이트이어'),(6,'쥬라기 월드: 도미니언'),(7,'극장판 윌벤져스 : 수상한 캠핑 대소동'),(8,'극장판 포켓몬스터DP: 기라티나와 하늘의 꽃다발 쉐이미'),(9,'헤어질 결심'),(10,'룸 쉐어링'),(11,'니 부모 얼굴이 보고 싶다'),(12,'로스트 시티'),(13,'모어'),(14,'니얼굴'),(15,'애프터 양'),(16,'홈'),(17,'랭킹'),(18,'상영예정작'),(19,'콘텐츠');
/*!40000 ALTER TABLE `movie` ENABLE KEYS */;
UNLOCK TABLES;
/*!40103 SET TIME_ZONE=@OLD_TIME_ZONE */;

/*!40101 SET SQL_MODE=@OLD_SQL_MODE */;
/*!40014 SET FOREIGN_KEY_CHECKS=@OLD_FOREIGN_KEY_CHECKS */;
/*!40014 SET UNIQUE_CHECKS=@OLD_UNIQUE_CHECKS */;
/*!40101 SET CHARACTER_SET_CLIENT=@OLD_CHARACTER_SET_CLIENT */;
/*!40101 SET CHARACTER_SET_RESULTS=@OLD_CHARACTER_SET_RESULTS */;
/*!40101 SET COLLATION_CONNECTION=@OLD_COLLATION_CONNECTION */;
/*!40111 SET SQL_NOTES=@OLD_SQL_NOTES */;

-- Dump completed on 2022-06-28 18:34:36
